{"sensitivity": 0.9865871833084948, "oob_score": 0.9144559352517986}