{"sensitivity": 0.9865871833084948, "oob_score": 0.9144559352517986, "feature_importance": {"feature": ["Flag", "Built", "Type", "DWT", "Length"], "importance": [0.3912201996962423, 0.30108151383390774, 0.14551301780443096, 0.10487622558935843, 0.05730904307606079]}}